image,plate
img1.jpg,MCY6055
img2.jpg,WHN9050
img3.jpg,WRA73
img4.jpg,NEG8531
img5.jpg,B87777NRS
img6.jpg,FA555
img7.jpg,VJF458
img8.jpg,SJA2099D
img9.jpg,SNW9359U
img10.jpg,SJS4878P
img11.jpg,SMR54X
img12.jpg,WJJ2495
img13.jpg,PCM5078
img14.jpg,BRA8686
img15.jpg,WB3233T
img16.jpg,ACD128
img17.jpg,VKK4039
img18.jpg,CNB9482
img19.jpg,NCK4259
img20.jpg,VX6486
img21.jpg,SJD9469
img22.jpg,VDQ1352
img23.jpg,X8163
img24.jpg,TCW8982
img25.jpg,MBJ9679
img26.jpg,JRP892
img27.jpg,VPE6451
img28.jpg,BNG6725
img29.jpg,APL9369
img30.jpg,VPU583
img31.jpg,JVA9190
img32.jpg,NDQ6210
img33.jpg,PRS5358
img34.jpg,NEA3091
img35.jpg,JYG2088
img36.jpg,JGV74
img37.jpg,VDQ8078
img38.jpg,VEB5802
img39.jpg,JQG992
img40.jpg,PLM4249
img41.jpg,VLU2315
img42.jpg,MBB1363
img43.jpg,DDM8766
img44.jpg,WFJ7426
img45.jpg,MCB2206
img46.jpg,VG9861
img47.jpg,WG8892
img48.jpg,NF850
img49.jpg,PKT1771
img50.jpg,VDL399
img51.jpg,BKS10
img52.jpg,W356T
img53.jpg,W8171D
img54.jpg,WTE8832
img55.jpg,WTE8832
img56.jpg,WJD8853
img57.jpg,PJK9
img58.jpg,BMF9623
img59.jpg,JFE2116
img60.jpg,DD2163
img61.jpg,DDY2613
img62.jpg,VFF430
img63.jpg,PRA732
img64.jpg,CER34
img65.jpg,WUS928
img66.jpg,RBA633
img67.jpg,JED196
img68.jpg,DEH930
img69.jpg,BQS9537
img70.jpg,WTX6211
img71.jpg,VNN121
img72.jpg,TDF2061
img73.jpg,VMC4416
img74.jpg,MDC806
img75.jpg,PGK6364
img76.jpg,WKL5226
img77.jpg,VKC2865
img78.jpg,VHN6593
img79.jpg,BLX8185
img80.jpg,MBM5693
img81.jpg,BCX1775
img82.jpg,VBL370
img83.jpg,SWJ428
img84.jpg,VD3084
img85.jpg,PPP3064
img86.jpg,RAC1225
img87.jpg,PRR3633
img88.jpg,PRM4848
img89.jpg,PHL5688
img90.jpg,PLW7342
img91.jpg,V6162
img92.jpg,KBR9779
img93.jpg,PHA6258
img94.jpg,RAD9090
img95.jpg,VCH3295
img96.jpg,PQQ922
img97.jpg,PQU6175
img98.jpg,WEE6996
img99.jpg,KFW698
img100.jpg,BHR6449
