image,truth,fast_plate_ocr,fast_ok,fast_sim,easyocr,easy_ok,easy_sim,rapidocr,rapid_ok,rapid_sim,paddleocr,paddle_ok,paddle_sim
img1.jpg,MCY6055,MCY6055,1,1,MCY6055,1,1,MCY6055,1,1,MCY6055,1,1
img2.jpg,WHN9050,WHN9050,1,1,WHN9050,1,1,WHN9050,1,1,9050NHM,0,0.5714
img3.jpg,WRA73,WRA73,1,1,MRA73,0,0.8,WRA473,0,0.9091,WRA73,1,1
img4.jpg,NEG8531,NEG8531,1,1,NEG8531,1,1,NEG8531,1,1,G8531NEG,0,0.6667
img5.jpg,B87777NRS,B87777NRS,1,1,B87777NRS,1,1,B887777NRS,0,0.9474,B87777NRS,1,1
img6.jpg,FA555,FA555,1,1,FA535,0,0.8,FA555,1,1,MASS,0,0.2222
img7.jpg,VJF458,VJF458,1,1,WUF458,0,0.6667,WJF458,0,0.8333,RA7,0,0
img8.jpg,SJA2099D,SJA2099D,1,1,SJA20990,0,0.875,SJJA2099D,0,0.9412,20990SJA,0,0.5
img9.jpg,SNW9359U,AMM9358U,0,0.5,EN93590,0,0.6667,,0,0,,0,0
img10.jpg,SJS4878P,SJS4878P,1,1,SJS4878P,1,1,SR48768JL,0,0.5882,SJS4878P,1,1
img11.jpg,SMR54X,SMR54X,1,1,SMREAX,0,0.6667,SMR5544X,0,0.8571,SMR54X,1,1
img12.jpg,WJJ2495,WJJ2495,1,1,WJJ2495,1,1,WJJ2495,1,1,2495TCM,0,0.5714
img13.jpg,PCM5078,PCM5078,1,1,75078PCM,0,0.5333,PCM5078,1,1,PCM5078,1,1
img14.jpg,BRA8686,BRA8686,1,1,BRA86O6,0,0.8571,BRA8686,1,1,8RA8686,0,0.8571
img15.jpg,WB3233T,NB22333,0,0.5714,WB32331,0,0.8571,,0,0,VB3233,0,0.7692
img16.jpg,ACD128,AC0128,0,0.8333,ACDPB,0,0.5455,,0,0,ACD128,1,1
img17.jpg,VKK4039,VKK4039,1,1,VKK4039TOTOTATROTON,0,0.5385,VKK4039UMWTOYOTANOTOR,0,0.5,VKK4039UMWTOYOTAMOTOR,0,0.5
img18.jpg,CNB9482,NBC9482,0,0.8571,NBC9482,0,0.8571,NBCC9482,0,0.8,NBC9482,0,0.8571
img19.jpg,NCK4259,NCK4269,0,0.8571,N5KA,0,0.3636,,0,0,NCK4259,1,1
img20.jpg,VX6486,VX6486,1,1,VX6486,1,1,6486VX,0,0.6667,9879XA,0,0.1667
img21.jpg,SJD9469,SJD9469,1,1,5JD9469,0,0.8571,JD94469,0,0.8571,69860RS,0,0.2857
img22.jpg,VDQ1352,VDQ1352,1,1,VDQ1352,1,1,VDQ1352,1,1,ACOSA,0,0
img23.jpg,X8163,X8163,1,1,X8163,1,1,X8163,1,1,X8163,1,1
img24.jpg,TCW8982,TCW8982,1,1,TCW8982,1,1,TCW88982,0,0.9333,1C68TA,0,0.3077
img25.jpg,MBJ9679,MBJ9679,1,1,MBJ9679,1,1,MBJ9679,1,1,,0,0
img26.jpg,JRP892,JRP892,1,1,JRP892,1,1,JRP892,1,1,768P8R,0,0.3333
img27.jpg,VPE6451,VPE6451,1,1,VPE6451,1,1,VPE6451,1,1,AGESE,0,0.1667
img28.jpg,BNG6725,BNG6725,1,1,BNG6725,1,1,BNG6725,1,1,BNG6725,1,1
img29.jpg,APL9369,APL9369,1,1,APL9369,1,1,APL9369THEOPIAITOPCOMPIIEFOA,0,0.4,APL9369,1,1
img30.jpg,VPU583,VPU583,1,1,VPU583,1,1,VPU583,1,1,VPU583,1,1
img31.jpg,JVA9190,UVA9190,0,0.8571,JVA9190,1,1,JVA90616,0,0.6667,JVA9190,1,1
img32.jpg,NDQ6210,NDQ6210,1,1,NDQ6210,1,1,NDQ6210RNCOLRALLVRENEMRO,0,0.4516,NDQ6210,1,1
img33.jpg,PRS5358,PRS5358,1,1,PRS5358,1,1,PRS5358,1,1,PRS5358,1,1
img34.jpg,NEA3091,NEA3091,1,1,NEA3091,1,1,NEA3091,1,1,NEA309,0,0.9231
img35.jpg,JYG2088,JYG2088,1,1,JYG2088,1,1,JYG2088,1,1,JYG2088,1,1
img36.jpg,JGV74,JGV74,1,1,74JGV,0,0.6,,0,0,JGV74,1,1
img37.jpg,VDQ8078,VDQ8078,1,1,VDQ8078,1,1,VDQ8078,1,1,VDQ8078,1,1
img38.jpg,VEB5802,,0,0,,0,0,,0,0,,0,0
img39.jpg,JQG992,JQG992,1,1,JOG992,0,0.8333,JQGS992,0,0.9231,JQG992,1,1
img40.jpg,PLM4249,PLM4249,1,1,PLM4249,1,1,PLM4249,1,1,G1AAA72,0,0.1429
img41.jpg,VLU2315,VLU2315,1,1,VLU2315,1,1,VLU2315,1,1,VLU2315,1,1
img42.jpg,MBB1363,MBB1363,1,1,MBB1363,1,1,MBB1363,1,1,MBB1363,1,1
img43.jpg,DDM8766,DDM8766,1,1,DDM8766,1,1,DDM88766,0,0.9333,G98WOO,0,0.1538
img44.jpg,WFJ7426,WFJ7426,1,1,WFJ7426,1,1,WFJ7426,1,1,WFJ7426,1,1
img45.jpg,MCB2206,MC2203,0,0.7692,92203,0,0.4615,,0,0,U002305,0,0.1429
img46.jpg,VG9861,VG9861,1,1,VG9861,1,1,VG9861,1,1,NG986,0,0.7273
img47.jpg,WG8892,WG8892,1,1,WG8892,1,1,WG8892,1,1,WG8892,1,1
img48.jpg,NF850,NF850,1,1,NF850,1,1,NF850,1,1,NF850,1,1
img49.jpg,PKT1771,PKT1771,1,1,RXTM,0,0.1818,PKT1771,1,1,,0,0
img50.jpg,VDL399,VDL399,1,1,VDL399,1,1,VDL399,1,1,VDL399,1,1
img51.jpg,BKS10,BKS10,1,1,BKSO,0,0.6667,BKS10,1,1,3LSX8,0,0.2
img52.jpg,W356T,W356T,1,1,TW356,0,0.8,W356T,1,1,356W,0,0.6667
img53.jpg,W8171D,W8111DD,0,0.7692,ILBV1D,0,0.3333,W8171D,1,1,8N,0,0.25
img54.jpg,WTE8832,WTE8832,1,1,WTE8832,1,1,WTE888832,0,0.875,WTE8832,1,1
img55.jpg,WTE8832,WTE8832,1,1,8832,0,0.7273,SITE,0,0.3636,WTE8832,1,1
img56.jpg,WJD8853,WJD8853,1,1,WUD8053,0,0.7143,WJD8853,1,1,WJD8853,1,1
img57.jpg,PJK9,PJK9,1,1,PUK9,0,0.75,PJK9,1,1,PJK9,1,1
img58.jpg,BMF9623,BMF9623,1,1,BMF9623,1,1,BMF9623,1,1,BMF9623,1,1
img59.jpg,JFE2116,JFE2116,1,1,JFE2116,1,1,JFEE2116,0,0.9333,JFE2116,1,1
img60.jpg,DD2163,DD2613,0,0.8333,DD2613,0,0.8333,DD2613,0,0.8333,DD2613,0,0.8333
img61.jpg,DDY2613,DDY2613,1,1,DDY2613,1,1,DDY22613,0,0.9333,DDY2613,1,1
img62.jpg,VFF430,VFF430,1,1,VFF430,1,1,,0,0,VFF430,1,1
img63.jpg,PRA732,PRA732,1,1,PRA732,1,1,PRA732,1,1,PRAT37,0,0.6667
img64.jpg,CER34,CER34,1,1,CER34,1,1,CER34,1,1,CERA,0,0.6667
img65.jpg,WUS928,WUS928,1,1,928,0,0.6667,,0,0,MS,0,0.25
img66.jpg,RBA633,RBA633,1,1,RBA639,0,0.8333,RBA633,1,1,EE9RBA,0,0.5
img67.jpg,JED196,JED196,1,1,JED196,1,1,JED196,1,1,JED196,1,1
img68.jpg,DEH930,DEH930,1,1,DEH930,1,1,DEH930,1,1,0E6HE0,0,0.1667
img69.jpg,BQS9537,BQS9537,1,1,BOS9537,0,0.8571,BQS9537,1,1,B0S663T,0,0.4286
img70.jpg,WTX6211,WTX6211,1,1,WTX6211,1,1,,0,0,WTX6211,1,1
img71.jpg,VNN121,VNN121,1,1,VNN1219,0,0.9231,VNN121,1,1,VNN121,1,1
img72.jpg,TDF2061,TDF2061,1,1,TDF2061,1,1,,0,0,TDF2061,1,1
img73.jpg,VMC4416,VMC4416,1,1,VHC4416,0,0.8571,VMC44166,0,0.9333,VMC4416,1,1
img74.jpg,MDC806,NDC806,0,0.8333,HDC006,0,0.6667,HDC806,0,0.8333,HOC806,0,0.6667
img75.jpg,PGK6364,PGK636A,0,0.8571,POKK6364,0,0.8,PGK6364,1,1,PGK6364,1,1
img76.jpg,WKL5226,WKL5226,1,1,WKL5226,1,1,WKL5226,1,1,WKL5226,1,1
img77.jpg,VKC2865,VKC2865,1,1,VKC2865,1,1,VKC2865,1,1,VKC2865,1,1
img78.jpg,VHN6593,VHN6593,1,1,VHN6593,1,1,VHN6593,1,1,VHN6593,1,1
img79.jpg,BLX8185,BLX8185,1,1,BLX8185,1,1,BLX8185,1,1,8185BLX,0,0.5714
img80.jpg,MBM5693,MBM5696,0,0.8571,MBM5696,0,0.8571,698,0,0.4,ABM5696,0,0.7143
img81.jpg,BCX1775,BCX1775,1,1,BCX1775,1,1,BCX1775,1,1,HA,0,0
img82.jpg,VBL370,VP2370,0,0.6667,VBL370,1,1,VBL370,1,1,VBL370,1,1
img83.jpg,SWJ428,SWJ428,1,1,SHJ428,0,0.8333,SWJ428,1,1,SWJ428,1,1
img84.jpg,VD3084,VD3084,1,1,VD3084,1,1,3084VD,0,0.6667,VD3084,1,1
img85.jpg,PPP3064,PPP3064,1,1,PPP3064,1,1,PPP3064,1,1,PPP3064,1,1
img86.jpg,RAC1225,RAC1225,1,1,RAC1225,1,1,RAC1225,1,1,RAC1225,1,1
img87.jpg,PRR3633,PRR3633,1,1,PRR3633,1,1,PRR3633,1,1,PRR3633,1,1
img88.jpg,PRM4848,PRM4848,1,1,PRM4848,1,1,PRM4848,1,1,PRM4848,1,1
img89.jpg,PHL5688,PHL5688,1,1,PHL5688,1,1,PHL55688,0,0.9333,PHL5688,1,1
img90.jpg,PLW7342,PLW7342,1,1,PLW7342,1,1,,0,0,PLW7342,1,1
img91.jpg,V6162,V6162,1,1,V6I62NTIN,0,0.5714,V6162FIESPSOOTLNE1700814762TEL043316152,0,0.2273,FIESM50KBHDM0TLINE17000147621EL04316182V6162,0,0.2041
img92.jpg,KBR9779,KBR9779,1,1,KBR9779,1,1,KBR9779,1,1,KBR9779,1,1
img93.jpg,PHA6258,PHA6258,1,1,PHA6258,1,1,PHA6258,1,1,PHA6258,1,1
img94.jpg,RAD9090,RAD9090,1,1,99RADS,0,0.4615,RAD9090,1,1,RAD97,0,0.6667
img95.jpg,VCH3295,VCH3295,1,1,VCH3295,1,1,VCH3295,1,1,VCH3295,1,1
img96.jpg,PQQ922,PQQ922,1,1,PQQ922,1,1,PQQ922,1,1,O06022,0,0.3333
img97.jpg,PQU6175,PQU6175,1,1,POU6175,0,0.8571,PQU66175,0,0.9333,PQU6175,1,1
img98.jpg,WEE6996,WEE6996,1,1,WEE6996,1,1,WEE6996,1,1,WEE6996,1,1
img99.jpg,KFW698,KFW698,1,1,KFW69B,0,0.8333,KFW698,1,1,KFW698,1,1
img100.jpg,BHR6449,BHR6449,1,1,BHR6449,1,1,6449R,0,0.6667,BHE6440,0,0.7143
